City_ID,City,Country,Date,Temperature,Latitude,Longtude,Humidity,Wind speed,Cloudiness
0,Asopos,GR,1565234428,69.27,36.73,22.85,43,6.55,0
1,Lorengau,PG,1565234428,85.85,-2.02,147.27,62,1.07,11
2,Longyearbyen,NO,1565234428,46.4,78.22,15.63,70,8.05,75
3,Prainha,BR,1565234428,73.68,-1.8,-53.48,76,1.54,9
4,Mahebourg,MU,1565234393,67.5,-20.41,57.7,83,3.36,40
5,Ilulissat,GL,1565234228,44.6,69.22,-51.1,81,3.36,0
6,Raudeberg,NO,1565234429,57.31,61.99,5.14,93,4.7,61
7,Mataura,NZ,1565234429,55,-46.19,168.86,71,7,100
8,Kitui,KE,1565234430,64.65,-1.37,38.02,86,6.78,100
9,Lasa,CY,1565234430,73.45,34.92,32.53,64,8.05,0
10,Ziro,IN,1565234431,68.01,27.54,93.82,89,2.98,97
11,Hermanus,ZA,1565234431,49.89,-34.42,19.24,83,5.99,63
12,Rikitea,PF,1565234353,71.52,-23.12,-134.97,62,8.43,0
13,Busselton,AU,1565234359,58.48,-33.64,115.35,49,16.02,95
14,Vila Velha,BR,1565234432,78.94,-3.71,-38.6,78,18.34,75
15,Port Elizabeth,US,1565234432,69.3,39.31,-74.98,94,3.36,1
16,Airai,TL,1565234432,81.42,-8.93,125.41,55,6.53,0
17,New Norfolk,AU,1565234390,46.98,-42.78,147.06,70,8.05,75
18,Qaanaaq,GL,1565234433,43.61,77.48,-69.36,69,5.59,100
19,Nikolskoye,RU,1565234433,54.66,59.7,30.79,93,3.65,77
20,Suhbaatar,MN,1565234433,62.22,50.23,106.21,67,4.88,68
21,Mehamn,NO,1565234434,44.6,71.03,27.85,93,6.93,75
22,Lebu,ET,1565234434,59,8.96,38.73,82,2.24,75
23,Zonguldak,TR,1565234434,71.47,41.25,31.83,60,3.22,0
24,Hwange,ZW,1565234435,60.11,-18.35,26.5,48,1.79,0
25,Chapais,CA,1565234435,62.6,49.78,-74.86,72,2.24,1
26,Faanui,PF,1565234435,78.85,-16.48,-151.75,82,18.75,0
27,Hithadhoo,MV,1565234308,83.35,-0.6,73.08,77,16.75,100
28,Khatanga,RU,1565234436,68.01,71.98,102.47,53,9.15,38
29,Te Anau,NZ,1565234377,42.58,-45.41,167.72,94,7.43,100
30,Upernavik,GL,1565234437,42.8,72.79,-56.15,81,1.3,13
31,Crestline,US,1565234431,67.3,40.79,-82.74,83,5.93,1
32,Raytown,US,1565234437,72.99,39.01,-94.46,88,3.2,1
33,Porbandar,IN,1565234438,84.2,21.64,69.61,83,13.87,75
34,Paraiso,BR,1565234438,82.4,-0.03,-51.17,83,9.17,20
35,Bara,NG,1565234439,70.41,10.41,10.6,94,4.99,100
36,Port Alfred,ZA,1565234355,57.99,-33.59,26.89,62,10,0
37,Cubara,CO,1565234165,48.72,7,-72.11,98,0.78,64
38,Bethel,US,1565234440,63.77,60.79,-161.76,68,11.41,90
39,Ostrovnoy,RU,1565234440,43.17,68.05,39.51,97,10,100
40,Bull Savanna,JM,1565234440,83.94,17.89,-77.59,75,6.4,47
41,Kapaa,US,1565234402,84.85,22.08,-159.32,70,9.17,75
42,Hasaki,JP,1565234441,94.12,35.73,140.83,63,9.17,40
43,Tigil,RU,1565234441,64.02,57.8,158.67,65,3.65,100
44,Carnarvon,ZA,1565234358,33.36,-30.97,22.13,91,4.81,0
45,Kirksville,US,1565234442,75.29,40.19,-92.58,94,4.68,1
46,Porto Novo,BR,1565234442,60.8,-23.68,-45.44,82,7.14,0
47,Laguna,BZ,1565234443,80.6,16.17,-88.94,83,3.58,40
48,Kodiak,US,1565234398,72.27,39.95,-94.76,88,4.7,1
49,Banepa,NP,1565234237,78.8,27.63,85.52,78,2.21,75
50,Yamada,JP,1565234443,93.54,36.58,137.08,47,2.24,40
51,Caravelas,BR,1565234444,72.6,-17.73,-39.27,82,11.07,77
52,Kokino,MK,1565234444,61.66,42.26,21.95,77,2.8,0
53,Avarua,CK,1565234444,75.2,-21.21,-159.78,94,2.24,100
54,Tecpan,GT,1565234444,63.59,14.76,-90.99,77,16.11,20
55,Pevek,RU,1565234358,42.4,69.7,170.27,98,13.42,92
56,Kawalu,ID,1565234445,71.56,-7.38,108.21,81,4.97,86
57,Hobart,AU,1565234401,46.99,-42.88,147.33,70,8.05,75
58,Puerto Leguizamo,CO,1565234445,69.06,-0.19,-74.78,84,1.81,14
59,Anand,IN,1565234446,80.6,22.56,72.96,94,6.93,90
60,Punta Arenas,CL,1565234446,37.17,-53.16,-70.91,86,40.26,40
61,Rio Cuarto,AR,1565234447,46.4,-33.13,-64.35,33,3.04,0
62,Paciran,ID,1565234447,85.58,-6.9,112.33,46,7,70
63,Port Macquarie,AU,1565234447,75.88,-31.43,152.91,24,23.04,75
64,Xining,CN,1565234448,54.03,36.62,101.77,85,5.88,100
65,Kysyl-Syr,RU,1565234448,71.78,63.9,122.77,42,6.87,100
66,Puerto Ayora,EC,1565234412,66.27,-0.74,-90.35,85,10.04,1
67,Bredasdorp,ZA,1565234449,51.31,-34.53,20.04,71,6.93,30
68,Napasar,IN,1565234449,90.96,27.97,73.56,56,9.42,100
69,Abhaynagar,BD,1565234449,81.51,23.01,89.4,88,14.41,99
70,Miyako,JP,1565234449,91.78,33.63,130.94,79,14.99,75
71,Ushuaia,AR,1565234364,33.8,-54.81,-68.31,96,9.17,75
72,La Ronge,CA,1565234450,60.8,55.1,-105.3,59,8.05,20
73,Kasulu,TZ,1565234451,66.2,-4.57,30.11,77,5.28,0
74,Vardo,US,1565234451,68.77,39.62,-77.74,94,4,1
75,Strezhevoy,RU,1565234451,59,60.73,77.6,82,4.47,0
76,Marienburg,DE,1565234451,57.99,52.12,9.98,82,3.36,0
77,Nizwa,OM,1565234452,92.71,22.93,57.53,21,4.68,0
78,Fukue,JP,1565234452,93.45,35.03,136.69,74,10.29,20
79,Peniche,PT,1565234452,70.92,39.36,-9.38,94,6.93,90
80,Salinas,US,1565234453,63.21,36.67,-121.66,72,14.99,1
81,Nanortalik,GL,1565234453,42.06,60.14,-45.24,95,5.55,100
82,Fairbanks,US,1565234233,61.68,64.84,-147.72,72,3.36,75
83,Swan River,CA,1565234453,49.08,52.11,-101.27,85,6.53,19
84,Takoradi,GH,1565234454,73.76,4.89,-1.75,88,4.34,81
85,Touros,BR,1565234454,69.8,-5.2,-35.46,100,4.7,20
86,Sistranda,NO,1565234454,56.21,63.73,8.83,93,9.17,75
87,Chuy,UY,1565234455,54.28,-33.69,-53.46,83,10.63,31
88,Arraial do Cabo,BR,1565234356,66.84,-22.97,-42.02,90,15.5,1
89,Alihe,CN,1565234455,65.17,50.57,123.73,70,3.18,100
90,Dembi Dolo,ET,1565234455,69.99,8.53,34.8,74,5.08,69
91,Saint-Philippe,CA,1565234456,70.86,45.36,-73.48,94,3.36,90
92,Butaritari,KI,1565234456,84.34,3.07,172.79,76,18.14,58
93,Zakamensk,RU,1565234456,54.57,50.38,103.29,69,3.2,95
94,Egvekinot,RU,1565234346,50.99,66.32,-179.17,86,13.22,100
95,Torbay,CA,1565234457,54.72,47.66,-52.73,100,4.7,90
96,Kodino,RU,1565234457,45.98,63.72,39.64,89,3.44,80
97,The Valley,AI,1565234457,81.75,18.22,-63.06,78,11.41,20
98,Cape Town,ZA,1565234159,49.21,-33.93,18.42,100,8.05,20
99,Vilyuysk,RU,1565234458,72.55,63.75,121.63,37,8.1,100
100,Boundiali,CI,1565234458,70.64,9.53,-6.48,94,2.89,43
101,Amapa,HN,1565234459,82.4,15.09,-87.97,83,6.93,75
102,Navahrudak,BY,1565234459,60.13,53.59,25.82,95,8.08,89
103,Manakara,MG,1565234459,58.11,-22.14,48.01,92,4.05,0
104,Atuona,PF,1565234460,79.84,-9.8,-139.03,74,20.83,0
105,Alofi,NU,1565234460,77,-19.06,-169.92,83,12.75,75
106,Georgetown,GY,1565234460,75.2,6.8,-58.16,100,4.7,20
107,Umm Lajj,SA,1565234460,83.57,25.02,37.27,67,10.29,0
108,Trinidad,BO,1565234409,71.2,-14.83,-64.9,52,2.21,0
109,Cabo San Lucas,MX,1565234287,82.13,22.89,-109.91,45,4.7,40
110,Nantucket,US,1565234399,73.29,41.28,-70.1,94,12.75,1
111,Bambous Virieux,MU,1565234461,67.55,-20.34,57.76,83,3.36,40
112,Erenhot,CN,1565234462,71.7,43.65,111.97,41,5.37,37
113,Bandarbeyla,SO,1565234462,78.11,9.49,50.81,61,28.07,83
114,Port Blair,IN,1565234462,83.35,11.67,92.75,80,25.03,77
115,Hilo,US,1565234463,77.74,19.71,-155.08,65,9.17,90
116,Barrow,AR,1565234390,38.28,-38.31,-60.23,64,4.29,0
117,Lishui,CN,1565234463,85.53,28.45,119.91,65,3.29,49
118,Albany,US,1565234182,68.14,42.65,-73.75,78,6.93,90
119,Cherskiy,RU,1565234386,69.08,68.75,161.3,52,4.76,100
120,Souillac,FR,1565234464,64.72,45.6,-0.6,82,3.36,0
121,Tautira,PF,1565234464,82.17,-17.73,-149.15,65,4.7,20
122,Verkhoyansk,RU,1565234464,70.07,67.55,133.39,44,4.68,49
123,Marsabit,KE,1565234465,73.34,2.34,37.99,65,17.09,4
124,Pisco,PE,1565234465,57.65,-13.71,-76.2,82,4.7,0
125,Vung Tau,VN,1565234465,78.38,10.35,107.08,87,14.72,100
126,Rumonge,BI,1565234466,66.97,-3.97,29.44,50,5.61,61
127,Manicore,BR,1565234466,72.64,-5.81,-61.3,89,1.25,11
128,Abu Samrah,SY,1565234466,66.68,35.3,37.18,80,9.48,0
129,East London,ZA,1565234400,55.4,-33.02,27.91,62,12.75,0
130,Boulder,US,1565234202,69.42,40.02,-105.27,44,3.36,90
131,Mackay,CA,1565234467,62.35,53.65,-115.58,100,6.93,90
132,Tuktoyaktuk,CA,1565234385,39.2,69.44,-133.03,93,14.99,90
133,Castro,CL,1565234468,37.4,-42.48,-73.76,93,5.82,75
134,Koslan,RU,1565234468,43.25,63.46,48.9,96,9.69,100
135,Olga,US,1565234468,69.96,34.11,-118.17,77,8.05,20
136,Ormara,PK,1565234468,81.84,25.21,64.64,78,3.2,0
137,Jamestown,AU,1565234469,47.87,-33.21,138.6,72,20.89,68
138,Klyuchi,RU,1565234469,70.98,52.25,79.17,41,12.97,0
139,Roxana,CR,1565234469,66.45,10.27,-83.75,94,5.82,0
140,Dubbo,AU,1565234470,66.2,-32.25,148.6,29,25.28,40
141,Lexington,US,1565234470,70.12,38.05,-84.5,69,0.96,1
142,Portland,US,1565234364,69.24,43.66,-70.25,88,11.41,90
143,Severo-Kurilsk,RU,1565234436,49.83,50.68,156.12,90,20.58,100
144,Belyy Yar,RU,1565234471,73.4,53.6,91.39,78,4.47,0
145,Dingle,PH,1565234471,81.44,11,122.67,80,23.24,100
146,Vaini,IN,1565234472,71.6,15.34,74.49,94,20.8,90
147,Thompson,CA,1565234472,53.6,55.74,-97.86,93,5.82,75
148,Almaznyy,RU,1565234459,57.2,48.03,40.04,87,4.47,0
149,Kruisfontein,ZA,1565234472,50.18,-34,24.73,64,19.73,20
150,Urusha,RU,1565234473,80.94,54.05,122.9,32,3.47,0
151,Santa Maria,BR,1565234473,60.8,-16.02,-48.01,67,2.24,0
152,Ust-Kuyga,RU,1565234473,66.84,70,135.55,49,7.4,58
153,Pathein,MM,1565234474,81.68,16.78,94.73,86,13.96,100
154,Waipawa,NZ,1565234474,57,-39.94,176.59,65,10,37
155,Warmbad,DE,1565234475,55.44,50.67,13.08,93,3.36,75
156,Geraldton,CA,1565234475,60.8,49.72,-86.95,63,4.7,20
157,Kutum,SD,1565234475,72.62,14.2,24.66,67,6.87,100
158,Dikson,RU,1565234476,49.85,73.51,80.55,83,13.94,100
159,Aklavik,CA,1565234476,44.6,68.22,-135.01,81,6.93,90
160,Provideniya,RU,1565234476,50,64.42,-173.23,87,17.9,40
161,Camacupa,AO,1565234476,59.73,-12.02,17.48,50,5.26,19
162,Fort Nelson,CA,1565234477,57.2,58.81,-122.69,62,11.41,75
163,Constitucion,MX,1565234477,67.8,23.99,-104.67,77,2.24,40
164,Nabire,ID,1565234477,83.8,-3.36,135.5,60,4.05,54
165,Loukhi,RU,1565234477,48.23,66.08,33.04,89,2.77,55
166,Yerbogachen,RU,1565234478,77.43,61.28,108.01,43,5.28,16
167,Mexico,US,1565234425,73.6,39.17,-91.88,78,3.36,1
168,Saint George,GR,1565234478,66.2,39.45,22.34,77,3.36,0
169,Hadejia,NG,1565234479,73.14,12.45,10.04,85,10.31,100
170,Yellowknife,CA,1565234479,57.2,62.45,-114.38,62,6.93,90
171,Cadereyta,MX,1565234479,78.24,25.58,-99.98,52,17.22,5
172,Trelleborg,SE,1565234480,58.01,55.38,13.15,93,4.7,0
173,Sitka,US,1565234480,85.05,37.17,-99.65,52,8.01,91
174,Sao Domingos,BR,1565234480,68.5,-13.4,-46.32,47,8.1,0
175,Komsomolskiy,RU,1565234481,53.56,67.55,63.78,75,17.43,0
176,Santa Elena,EC,1565234362,68,-2.23,-80.86,88,9.86,90
177,Obo,CF,1565234481,66.66,5.39,26.49,97,2.1,44
178,Narsaq,GL,1565234481,44.6,60.91,-46.05,75,3.36,98
179,Guerrero Negro,MX,1565234482,66.45,27.97,-114.04,89,14.83,0
180,Hambantota,LK,1565234407,75.2,6.12,81.12,100,3.36,90
181,Comodoro Rivadavia,AR,1565234452,42.8,-45.87,-67.48,48,14.99,0
182,Naze,NG,1565234408,72.75,5.43,7.07,95,2.91,100
183,Avanigadda,IN,1565234214,82.4,16.02,80.92,78,5.82,75
184,Jumla,NP,1565234483,65.6,29.28,82.18,70,2.39,96
185,Trincomalee,LK,1565234483,80.36,8.58,81.23,76,12.12,100
186,Buraydah,SA,1565234484,78.8,26.33,43.97,34,6.93,0
187,Vao,EE,1565234484,53.2,59.1,26.19,96,4.79,7
188,Surt,LY,1565234484,79.88,31.21,16.59,70,9.86,0
189,Morehead,US,1565234484,69.55,38.18,-83.43,94,4.7,1
190,Abu Dhabi,AE,1565234485,88.66,24.47,54.37,84,4.7,64
191,Coihaique,CL,1565234485,35.42,-45.58,-72.07,64,3.36,0
192,Saint-Augustin,CA,1565234485,70.5,45.63,-73.98,100,1.52,75
193,Iqaluit,CA,1565234486,41.95,63.75,-68.52,93,6.93,75
194,Adwa,ET,1565234486,62.33,14.16,38.9,85,4.47,92
195,Quatre Cocos,MU,1565234486,67.68,-20.21,57.76,83,3.36,40
196,Glace Bay,CA,1565234486,57.42,46.2,-59.96,93,4.7,20
197,Zlitan,LY,1565234487,75.45,32.47,14.57,63,13,0
198,Maniitsoq,GL,1565234286,42.2,65.42,-52.9,87,1.3,100
199,Esperance,AU,1565234487,51.8,-33.86,121.89,100,19.46,90
200,Broome,GB,1565234488,56.66,52.47,1.45,87,5.82,0
201,Lubango,AO,1565234484,56.84,-14.92,13.49,71,1.45,0
202,Clyde River,CA,1565234488,42.8,70.47,-68.59,100,3.36,90
203,Shenjiamen,CN,1565234489,85.28,29.96,122.3,80,15.7,1
204,Bluff,AU,1565234489,81.62,-23.58,149.07,27,15.37,11
205,San Cristobal,HN,1565234489,69.51,14.68,-86.92,88,5.55,98
206,Ust-Kulom,RU,1565234489,48.05,61.69,53.69,97,8.55,100
207,Angoche,MZ,1565234490,64.74,-16.23,39.91,96,4.09,0
208,Coquimbo,CL,1565234490,50,-29.95,-71.34,76,6.93,75
209,Rayachoti,IN,1565234490,84.2,14.06,78.75,70,5.82,75
210,Puerto Baquerizo Moreno,EC,1565234491,67.28,-0.9,-89.6,86,11.21,2
211,Roald,NO,1565234491,54.97,62.58,6.12,87,13.87,100
212,Mayo,CA,1565234491,64.4,63.59,-135.9,34,6.93,75
213,Romitan,UZ,1565234492,80.6,39.93,64.38,26,18.34,0
214,Padang,ID,1565234492,80.69,-0.92,100.36,81,19.1,71
215,Axim,GH,1565234493,74.94,4.87,-2.24,87,9.69,100
216,Tevaitoa,PF,1565234493,78.36,-16.78,-151.5,81,18.37,0
217,Berlevag,NO,1565234493,44.6,70.86,29.09,93,6.93,75
218,Roblin,CA,1565234493,50.23,51.23,-101.35,87,7.27,0
219,Fare,PF,1565234494,78.36,-16.7,-151.02,81,18.37,0
220,Nuuk,GL,1565234494,41,64.17,-51.74,100,1.12,99
221,Sao Miguel do Araguaia,BR,1565234494,68.99,-13.28,-50.16,43,3.38,0
222,Coahuayana,MX,1565234495,72.15,18.62,-100.35,97,3.29,100
223,Solnechnyy,RU,1565234495,79.12,50.72,136.64,40,4.07,0
224,Katsuura,JP,1565234495,86.05,33.93,134.5,83,16.11,40
225,San Rafael,AR,1565234495,39.02,-34.61,-68.33,35,2.53,0
226,Oranjestad,AW,1565234217,84.2,12.52,-70.03,74,21.92,0
227,Tasiilaq,GL,1565234496,44.6,65.61,-37.64,81,4.7,99
228,Camabatela,AO,1565234496,65.15,-8.19,15.37,91,1.25,100
229,Privas,FR,1565234497,67.44,44.74,4.6,73,3.36,0
230,Nome,US,1565234497,83.05,30.04,-94.42,94,3.36,1
231,Sur,OM,1565234347,91.63,22.57,59.53,36,1.88,79
232,Oranjemund,ZA,1565234498,55.25,-28.55,16.43,82,10.49,0
233,Man,CI,1565234498,66.84,7.41,-7.55,99,2.95,100
234,Kapit,MY,1565234498,88.01,2.02,112.94,50,3.36,100
235,Mount Gambier,AU,1565234499,50,-37.83,140.78,76,13.87,100
236,Assiniboia,CA,1565234499,60.63,49.63,-105.99,44,7.47,0
237,Tazovskiy,RU,1565234499,55.05,67.47,78.7,72,7.07,99
238,Sayyan,YE,1565234500,69.51,15.17,44.32,74,2.48,75
239,Norman Wells,CA,1565234500,50,65.28,-126.83,71,4.7,75
240,Todos Santos,MX,1565234501,82.42,23.45,-110.23,45,4.7,40
241,Beloha,MG,1565234501,65.58,-25.17,45.06,33,6.55,0
242,Greytown,ZA,1565234501,51.69,-29.06,30.59,33,0.89,0
243,Flagstaff,US,1565234421,71.65,35.2,-111.65,67,1.54,20
244,Kahului,US,1565234374,83.07,20.89,-156.47,46,10.29,40
245,Victoria,BN,1565234502,82.18,5.28,115.24,83,9.17,75
246,Kavieng,PG,1565234399,83.39,-2.57,150.8,74,13.02,0
247,Hyeres,FR,1565234503,74.77,43.12,6.14,69,2.24,100
248,Azuaga,ES,1565234503,68,38.26,-5.68,59,3,0
249,Doha,QA,1565234268,96.73,25.29,51.53,32,11.41,0
250,Saskylakh,RU,1565234504,58.01,71.97,114.09,68,9.24,28
251,Talaya,RU,1565234504,74.71,55.79,84.89,60,4.47,0
252,Sao Felix do Xingu,BR,1565234219,70.52,-6.64,-51.99,59,1.32,7
253,Zhezkazgan,KZ,1565234505,68,47.8,67.71,32,13.42,0
254,Middelkerke,BE,1565234505,57.02,51.19,2.82,93,8.05,40
255,Sao Joao da Barra,BR,1565234505,63.28,-21.64,-41.05,95,0.87,29
256,Port Hardy,CA,1565234506,60.8,50.7,-127.42,82,9.17,20
257,Kiknur,RU,1565234506,48.21,57.3,47.21,87,4.54,2
258,Tirumala,IN,1565234506,86,13.68,79.35,58,5.82,40
259,Tecoanapa,MX,1565234506,86,16.99,-99.26,62,9.17,75
260,Drexel Heights,US,1565234290,90,32.14,-111.03,33,12.75,1
261,Fortuna,US,1565234507,61.95,40.6,-124.16,87,6.93,90
262,Muisne,EC,1565234507,74.31,0.61,-80.02,82,10.47,33
263,Santa Rosa,AR,1565234507,40.71,-36.62,-64.29,37,7.29,0
264,San Martin,US,1565234508,64.45,37.08,-121.61,72,10.29,1
265,Kieta,PG,1565234392,82.16,-6.22,155.63,72,6.55,71
266,Fort-Shevchenko,KZ,1565234508,74.62,44.51,50.26,67,8.28,86
267,Praia da Vitoria,PT,1565234509,67.42,38.73,-27.07,82,21.45,20
268,Ponta Delgada,PT,1565234509,68,37.73,-25.67,82,8.05,20
269,Nishihara,JP,1565234509,91.98,35.74,139.53,59,9.17,20
270,Conversion,PH,1565234510,73.2,15.9,121.13,99,12.44,100
271,Umba,RU,1565234510,44.65,66.69,34.34,91,2.24,49
272,Kaitangata,NZ,1565234510,53.01,-46.28,169.85,62,1.99,100
273,Taksimo,RU,1565234510,71.54,56.36,114.84,40,4.99,0
274,Trzcianka,PL,1565234511,58.8,53.04,16.46,94,6.11,70
275,Zaysan,KZ,1565234511,81.86,47.47,84.87,16,9.08,0
276,Novikovo,RU,1565234511,61.39,51.15,37.89,82,9.53,100
277,Mar del Plata,AR,1565234351,37.45,-46.43,-67.52,63,12.8,0
278,Clarence Town,AU,1565234512,72.16,-32.59,151.78,26,26.4,0
279,Grand-Lahou,CI,1565234512,70.34,5.24,-5,98,3.09,37
280,Saint-Cyr-sur-Loire,FR,1565234513,58.6,47.41,0.67,82,1.86,0
281,Bismarck,US,1565234294,62.29,46.81,-100.78,59,4.7,1
282,Zaozerne,UA,1565234513,64.49,51.37,23.94,97,5.37,100
283,Cavalcante,BR,1565234514,58.4,-13.79,-47.46,53,7.38,0
284,Calvinia,ZA,1565234514,38.84,-31.47,19.78,95,2.55,42
285,Aden,YE,1565234514,90.51,12.79,45.03,45,12.19,83
286,Vrangel,RU,1565234515,74.91,42.73,133.08,82,4.52,100
287,Baykit,RU,1565234515,76.46,61.68,96.39,32,9.78,99
288,Pochutla,MX,1565234515,78.93,15.74,-96.47,88,3.36,75
289,Dauphin,CA,1565234234,60.8,51.15,-100.04,59,6.93,1
290,Staraya Poltavka,RU,1565234516,62.97,50.48,46.48,61,7.56,66
291,Luderitz,NA,1565234516,51.8,-26.65,15.16,93,6.93,0
292,Abilene,US,1565234516,88.25,32.45,-99.73,33,9.17,1
293,Dawson,US,1565234517,71.76,39.85,-89.46,94,2.73,1
294,Helong,CN,1565234517,91.61,25.94,116.13,53,6.08,0
295,Abeche,TD,1565234517,76.13,13.83,20.83,76,11.54,66
296,Auki,NG,1565234518,72.12,12.18,6.51,89,9.66,100
297,Zhigansk,RU,1565234518,64.54,66.77,123.37,58,10.36,85
298,Leh,IN,1565234518,47.62,34.16,77.58,42,4.59,0
299,Nago,IT,1565234519,63.88,45.88,10.89,94,5.82,40
300,Turukhansk,RU,1565234519,73.43,65.8,87.96,55,11.3,66
301,Saint Anthony,US,1565234519,72.7,43.97,-111.68,38,6.93,20
302,Carutapera,BR,1565234520,75.11,-1.2,-46.02,91,3.87,41
303,Ancud,CL,1565234520,37.4,-41.87,-73.83,93,5.82,75
304,Hualmay,PE,1565234520,59.52,-11.1,-77.61,86,22.3,100
305,Vila Franca do Campo,PT,1565234520,68,37.72,-25.43,82,8.05,20
306,Cururupu,BR,1565234521,72.14,-1.82,-44.87,94,2.08,57
307,High Prairie,CA,1565234521,57.3,55.43,-116.48,88,4.76,100
308,Beringovskiy,RU,1565234479,59.97,63.05,179.32,69,8.28,94
309,Puertollano,ES,1565234386,67.68,38.69,-4.11,60,1.74,0
310,Pompeu,BR,1565234522,71.6,-21.05,-48.85,60,3.36,0
311,Daru,PG,1565234522,78.04,-9.07,143.21,90,9.46,99
312,Ust-Nera,RU,1565234523,62.4,64.57,143.24,37,8.9,5
313,Anadyr,RU,1565234523,55.18,64.73,177.51,82,17.9,75
314,Pavlodar,KZ,1565234523,73.4,52.28,76.96,35,4.47,0
315,Nouadhibou,MR,1565234524,68,20.93,-17.03,88,8.05,0
316,Frederikssund,DK,1565234524,57.61,55.84,12.06,93,4.7,0
317,Tsuruga,JP,1565234524,95,35.64,136.07,56,1.99,4
318,Lima,PE,1565234525,59,-12.06,-77.04,93,12.75,90
319,Faya,SA,1565234525,65.32,18.39,42.45,88,3.83,0
320,Yulara,AU,1565234525,57.2,-25.24,130.99,35,9.17,0
321,Winchendon,US,1565234526,67.39,42.69,-72.04,88,3.36,75
322,Melfi,IT,1565234526,77,41,15.66,38,3.36,5
323,Gobabis,NA,1565234526,46.4,-22.45,18.97,28,2.24,0
324,Invermere,CA,1565234527,56.21,50.51,-116.03,47,3.29,0
325,Flin Flon,CA,1565234391,54.5,54.77,-101.88,78,6.85,95
326,Isla Vista,US,1565234527,64.08,34.41,-119.86,77,3.36,1
327,Yarada,IN,1565234374,80.6,17.65,83.27,83,14.99,90
328,Paita,PE,1565234528,63.03,-5.09,-81.11,88,18.68,0
329,North Bend,US,1565234528,62.44,43.41,-124.22,82,4.7,90
330,Ponta do Sol,BR,1565234527,60.67,-20.63,-46,82,4.36,0
331,Port Moresby,PG,1565234528,84.2,-9.47,147.16,74,11.41,40
332,Lobito,AO,1565234529,67.78,-12.35,13.55,90,1.19,82
333,Hamilton,CA,1565234529,70.88,43.26,-79.87,68,5.82,75
334,Kamareddi,IN,1565234529,73.4,18.32,78.34,92,14.81,100
335,Bay Roberts,CA,1565234529,54.72,47.58,-53.28,100,4.7,90
336,Phalaborwa,ZA,1565234530,66.2,-23.95,31.14,52,3.36,0
337,Nelson Bay,AU,1565234530,72.14,-32.72,152.14,26,26.4,0
338,Chagoda,RU,1565234530,49.28,59.16,35.33,85,5.41,53
339,Syasstroy,RU,1565234531,55.49,60.14,32.56,76,13.06,100
340,Sarandi,BR,1565234531,61.79,-27.94,-52.92,79,3.78,15
341,Maragogi,BR,1565234531,68,-9.01,-35.22,95,4.45,0
342,Pasareni,RO,1565234532,62.82,46.48,24.7,93,8.05,100
343,Sungaipenuh,ID,1565234463,81.78,-2.08,101.38,66,4.32,98
344,Sioux Lookout,CA,1565234532,59.86,50.1,-91.92,63,5.82,40
345,Huarmey,PE,1565234533,60.27,-10.07,-78.15,86,23.38,99
346,Chokurdakh,RU,1565234533,67.31,70.62,147.9,45,14.92,34
347,Saint-Pierre,FR,1565234533,54.55,48.95,4.24,87,4.7,0
348,Kalianget,ID,1565234533,76.53,-7.74,113.68,57,5.97,57
349,Yangjiang,CN,1565234534,89.01,21.85,111.96,64,0.98,40
350,Banyo,CM,1565234534,63.39,6.75,11.81,98,0.94,100
351,Dondo,MZ,1565234534,61.82,-19.62,34.74,75,2.53,0
352,Linjiang,CN,1565234535,69.56,41.81,126.91,95,3.69,100
353,Dyersburg,US,1565234390,71.82,36.03,-89.39,100,2.57,1
354,Taitung,TW,1565234535,91.4,22.76,121.15,63,13.87,75
355,Adrar,DZ,1565234535,96.8,27.87,-0.29,14,17.22,0
356,Tabas,IR,1565234536,91.4,33.6,56.92,21,6.93,0
357,La Libertad,PE,1565234536,50,-16.38,-71.56,34,5.82,0
358,Rawson,AR,1565234537,40.22,-43.3,-65.11,50,9.55,0
359,Cruz Grande,MX,1565234537,86,16.72,-99.13,62,9.17,75
360,Rincon,PA,1565234537,77,8.46,-82.28,94,4.7,40
361,Lipari,IT,1565234538,76.84,38.47,14.95,69,2.24,5
362,Nhulunbuy,AU,1565234538,86,-12.18,136.78,45,14.99,0
363,Santa Isabel,MX,1565234539,96.13,32.63,-115.58,34,8.05,20
364,Qujing,CN,1565234539,70.32,25.49,103.8,76,4.23,45
365,Flinders,AU,1565234540,62.71,-34.58,150.85,50,27.51,0
366,Burgeo,CA,1565234540,62.54,47.61,-57.61,86,5.26,98
367,Luwuk,ID,1565234540,70.97,-0.95,122.79,71,6.51,95
368,Liepaja,LV,1565234541,60.03,56.52,21.02,93,1.12,100
369,Tateyama,JP,1565234541,96.67,36.66,137.31,47,2.24,40
370,Beroroha,MG,1565234541,60.98,-21.68,45.17,32,3.58,0
371,Nova Olinda do Norte,BR,1565234541,77.23,-3.89,-59.1,73,0.72,64
372,Port Hedland,AU,1565234542,73.4,-20.31,118.58,22,20.8,0
373,Hami,CN,1565234542,85.89,42.84,93.51,27,5.84,0
374,Lesosibirsk,RU,1565234542,73.92,58.22,92.49,48,8.25,0
375,Cabedelo,BR,1565234542,69.8,-6.97,-34.84,94,4.7,20
376,Asyut,EG,1565234398,78.8,27.18,31.19,41,6.93,0
377,Alyangula,AU,1565234543,87.8,-13.85,136.42,35,9.17,0
378,Thinadhoo,MV,1565234435,83.19,0.53,72.93,80,15.05,100
379,Pangody,RU,1565234544,58.64,65.85,74.49,68,14.83,15
380,Sherbakul,RU,1565234544,64.4,54.63,72.39,55,4.47,0
381,Aloleng,PH,1565234544,81.03,16.13,119.78,86,38.56,100
382,Ibra,OM,1565234545,93.21,22.69,58.55,18,2.59,20
383,Saurimo,AO,1565234545,66.93,-9.66,20.4,41,3.65,12
384,Srednekolymsk,RU,1565234430,71.27,67.46,153.71,45,8.57,46
385,Shiraoi,JP,1565234546,74.7,42.56,141.33,88,8.05,75
386,Ribeira Grande,PT,1565234546,69.89,38.52,-28.7,71,18.57,0
387,Shelburne,CA,1565234546,63.88,44.08,-80.2,93,4.88,1
388,Mahanoro,MG,1565234547,55.2,-19.9,48.8,76,3.04,0
389,Segezha,RU,1565234547,46.68,63.74,34.31,77,4.05,36
390,Leningradskiy,RU,1565234547,43.71,69.38,178.42,89,2.91,7
391,San Borja,BO,1565234548,66,-14.86,-66.75,61,2.28,0
392,Casillas,GT,1565234548,69.8,14.42,-90.24,77,16.11,20
393,Mandalgovi,MN,1565234548,56.01,45.76,106.27,87,3.29,100
394,Dwarka,IN,1565234549,86.94,28.58,77.04,84,6.93,75
395,Namatanai,PG,1565234549,80,-3.66,152.44,76,4.05,0
396,Karratha,AU,1565234549,76.6,-20.74,116.85,18,19.8,0
397,Gourcy,BF,1565234549,78.58,13.21,-2.36,77,9.26,64
398,Along,IN,1565234550,65.96,28.17,94.8,87,2.24,100
399,Madimba,CM,1565234550,73.4,4.42,9.93,100,2.24,75
400,Saldanha,PT,1565234551,66.38,41.42,-6.55,70,4.5,95
401,Tubuala,PA,1565234551,77,9.52,-79.03,94,2.24,40
402,Biak,ID,1565234551,70.97,-0.91,122.88,71,6.51,95
403,Samarai,PG,1565234552,79.1,-10.62,150.67,88,5.28,69
404,Anori,BR,1565234552,73.2,-3.74,-61.66,92,0.34,68
405,Kondoa,TZ,1565234552,60.45,-4.91,35.78,84,7.31,34
406,Kirakira,SB,1565234553,82.32,-10.46,161.92,77,4.85,87
407,Rio Grande,BR,1565234553,59,-32.03,-52.1,93,1.99,65
408,Ngunguru,NZ,1565234553,61,-35.62,174.5,65,11.99,31
409,Kasongo-Lunda,CD,1565234554,65.91,-6.48,16.82,92,3.09,74
410,Bonavista,CA,1565234554,55.99,48.65,-53.11,77,3,35
411,Omboue,GA,1565234554,72.75,-1.57,9.26,87,13.76,100
412,Mont-Dore,NC,1565234555,84.2,-22.23,166.53,54,9.17,20
413,Jega,NG,1565234555,77.39,12.22,4.38,78,12.95,12
414,Filadelfia,PY,1565234555,73.23,-22.35,-60.04,36,5.86,0
415,Tura,RU,1565234556,73.02,64.27,100.22,46,3.89,90
416,Dukat,AL,1565234556,70.03,40.25,19.57,52,3.27,3
417,Deputatskiy,RU,1565234556,61.43,69.3,139.9,44,6.31,85
418,Trairi,BR,1565234556,70.98,-3.28,-39.27,89,5.21,73
419,Mokhsogollokh,RU,1565234557,79.07,61.4,128.95,46,6.2,51
420,Inhambane,MZ,1565234557,68,-23.87,35.38,94,4.7,20
421,Gold Coast,AU,1565234459,77.54,-28,153.41,41,17.22,57
422,Bathsheba,BB,1565234558,78.8,13.22,-59.52,88,5.82,20
423,Hovd,NO,1565234558,56.8,63.83,10.7,82,3.36,75
424,Puerto Narino,CO,1565234559,77,-3.77,-70.38,94,2.24,0
425,Wajima,JP,1565234559,89.6,37.4,136.9,59,12.75,40
426,Juegang,CN,1565234559,90.75,32.31,121.18,68,13.06,100
427,Farmington,US,1565234560,75.4,36.73,-108.21,32,9.17,40
428,Codrington,AU,1565234560,76.41,-28.95,153.24,26,17.22,8
429,Murgab,TM,1565234561,80.6,37.5,61.97,26,11.41,0
430,Port Lincoln,AU,1565234561,55.76,-34.72,135.86,82,44.4,100
431,Igunga,TZ,1565234561,60.53,-4.28,33.88,79,4.27,0
432,Benemerito de las Americas,MX,1565234561,72.3,16.52,-90.64,98,2.26,36
433,Morondava,MG,1565234562,71.33,-20.3,44.28,62,10.42,0
434,Avera,US,1565234562,79.97,33.19,-82.53,58,4.7,1
435,Burnie,AU,1565234562,44.01,-41.05,145.91,85,3,100
436,Cutro,IT,1565234563,71.6,39.04,16.98,64,4.7,0
437,Grindavik,IS,1565234563,45.46,63.84,-22.43,81,17.22,0
438,Gizo,IL,1565234564,71.26,31.8,34.94,69,4.7,20
439,Ambulu,ID,1565234564,72.35,-8.35,113.61,88,10.09,53
440,Mansa,IN,1565234564,80.6,23.43,72.66,88,5.82,90
441,Hobyo,SO,1565234565,74.84,5.35,48.53,78,17.22,0
442,Itarema,BR,1565234565,74.78,-2.92,-39.92,82,7.25,28
443,Iquitos,PE,1565234565,73.4,-3.75,-73.25,83,0.54,7
444,Aksu,KZ,1565234566,73.4,52.04,76.93,35,4.47,0
445,Pilar,AR,1565234566,49.77,-34.46,-58.91,58,8.05,0
446,Taoudenni,ML,1565234566,90.82,22.68,-3.98,36,12.95,81
447,Marsa Matruh,EG,1565234567,73.4,31.35,27.25,83,8.86,0
448,Mujiayingzi,CN,1565234567,75.29,42.12,118.78,54,1.07,0
449,Fukumitsu,JP,1565234568,93.7,36.55,136.87,47,2.24,40
450,Santa Cruz,BR,1565234295,67.42,-6.22,-36.02,84,14.38,1
451,Sembakung,ID,1565234334,84.2,3.82,117.25,74,6.93,20
452,Pacifica,US,1565234568,61.07,37.61,-122.49,87,3.36,40
453,Karaman,TR,1565234569,52.98,37.18,33.22,62,5.41,0
454,Husavik,CA,1565234569,60.4,50.56,-96.99,51,8.75,36
455,Muros,ES,1565234424,67.6,42.77,-9.06,100,11.41,90
456,Henties Bay,NA,1565234476,46,-22.12,14.28,92,13.13,6
457,San Patricio,PY,1565234570,71.61,-26.98,-56.83,70,7.31,33
458,Trapani,IT,1565234570,78.55,38.02,12.54,74,3.36,0
459,Neuquen,AR,1565234570,39.2,-38.95,-68.06,55,3.36,0
460,Jawhar,IN,1565234571,78.6,19.91,73.23,90,9.64,100
461,Oum Hadjer,TD,1565234571,78.06,13.3,19.7,70,10.22,100
462,Nicoya,CR,1565234571,72.75,10.15,-85.45,88,2.24,0
463,Havoysund,NO,1565234571,44.6,71,24.66,93,10.29,75
464,Northam,AU,1565234572,57.2,-31.65,116.67,71,4.7,75
465,Cidreira,BR,1565234370,63.95,-30.17,-50.22,79,2.8,10
466,Ellensburg,US,1565234572,85.19,47,-120.55,24,13.87,1
467,Tiksi,RU,1565234572,56.22,71.64,128.87,79,8.81,95
468,San Ramon,NI,1565234308,67.67,12.92,-85.84,93,3.44,98
469,Rondonopolis,BR,1565234573,70.55,-16.46,-54.64,42,4.76,94
470,Biltine,TD,1565234573,78.33,14.53,20.93,73,11.34,5
471,Goma,CD,1565234574,55.14,-1.67,29.23,91,0.49,9
472,Kangaatsiaq,GL,1565234574,44.18,68.31,-53.46,89,8.1,100
473,Namibe,AO,1565234574,63.75,-15.19,12.15,79,8.23,3
474,Norrtalje,SE,1565234574,57.96,59.76,18.7,93,2.82,75
475,Labuhan,ID,1565234575,90.39,-2.54,115.51,46,1.45,70
476,Yarmouth,CA,1565234575,61.79,43.84,-66.12,87,9.17,20
477,Bilma,NE,1565234576,88.86,18.69,12.92,14,7.14,0
478,Zhumadian,CN,1565234380,86.46,33.01,114.02,69,7.38,77
479,Pangnirtung,CA,1565234576,47.21,66.15,-65.72,75,1.14,81
480,Port-Gentil,GA,1565234577,74.66,-0.72,8.78,85,14.94,100
481,Richmond,CA,1565234411,69.85,49.16,-123.14,72,11.41,1
482,San Antonio,CL,1565234577,39.2,-33.58,-71.61,93,2.24,0
483,Zetel,DE,1565234577,61.12,53.42,7.97,77,6.93,0
484,Camapua,BR,1565234415,70.98,-19.53,-54.04,44,8.97,62
485,Balkanabat,TM,1565234578,84.72,39.51,54.36,26,6.26,32
486,Adre,TD,1565234578,71.88,13.47,22.2,84,4.94,97
487,Yenagoa,NG,1565234579,74.49,4.92,6.26,90,5.57,100
488,Pictou,CA,1565234579,61.38,45.68,-62.71,85,7,33
489,Xichang,CN,1565234579,70.28,27.88,102.25,60,2.86,98
490,Port Augusta,AU,1565234580,55.67,-32.49,137.76,67,21.92,90
491,Buta,CD,1565234580,69.65,2.79,24.73,99,2.17,95
492,Tanout,NE,1565234580,84.7,14.97,8.88,51,7.74,99
493,Muzhi,RU,1565234580,51.38,65.4,64.7,86,10.11,61
494,Emborion,GR,1565234581,62.6,40.48,21.55,67,4.7,0
495,Balkhash,KZ,1565234581,82.4,46.84,74.98,26,15.66,0
496,Ciudad Real,ES,1565234582,67.68,38.99,-3.93,60,3.65,0
497,Kununurra,AU,1565234582,86,-15.77,128.74,15,13.87,0
498,Santa Ines,EC,1565234582,45.61,-0.82,-78.63,87,12.75,75
499,Necochea,AR,1565234583,33.01,-38.55,-58.74,95,1.99,0
500,Thunder Bay,CA,1565234561,62.04,48.41,-89.26,77,5.82,40
501,Nalut,LY,1565234583,83.13,31.86,10.98,20,6.4,0
502,Yurla,RU,1565234583,49.33,59.33,54.32,97,9.82,100
503,Alzamay,RU,1565234584,71.87,55.55,98.67,44,11.36,0
504,Iberia,PE,1565234584,68.99,-11.41,-69.49,57,1.81,0
505,Alice Springs,AU,1565234584,60.8,-23.7,133.88,38,8.05,0
506,Meulaboh,ID,1565234585,82.83,4.14,96.13,76,10.63,85
507,Mbandaka,CD,1565234585,72.69,0.05,18.26,93,3.47,100
508,Prieska,ZA,1565234585,38.3,-29.67,22.74,84,7.34,0
509,Skibbereen,IE,1565234586,55.4,51.55,-9.27,87,6.93,75
510,Half Moon Bay,US,1565234586,61.27,37.46,-122.43,87,3.36,40
511,Severo-Yeniseyskiy,RU,1565234503,77.81,60.37,93.04,33,12.19,89
512,Calabozo,VE,1565234587,72.19,8.92,-67.43,96,2.28,99
513,Salalah,OM,1565234587,78.8,17.01,54.1,94,3.36,90
514,Goulburn,AU,1565234587,50.02,-34.75,149.72,71,5.01,100
515,Mapiri,BO,1565234588,44.51,-15.31,-68.22,63,3.62,0
516,Butembo,CD,1565234588,62.58,0.12,29.29,96,1.59,99
517,Griffith,AU,1565234589,53.78,-34.29,146.06,58,18.34,90
518,Sisophon,KH,1565234589,83.17,13.59,102.97,75,14.16,94
519,Encantado,BR,1565234589,63.82,-29.24,-51.88,92,2.53,11
520,Ulladulla,AU,1565234589,55.09,-35.36,150.48,50,27.51,0
521,Puerto Escondido,MX,1565234590,77,15.86,-97.07,88,3.36,75
522,Kiomboi,TZ,1565234590,63.64,-4.28,34.41,72,6.04,0
523,Jalu,LY,1565234590,71.85,29.03,21.55,52,7.18,0
524,Jojoima,SL,1565234590,70.39,7.88,-10.79,98,1.52,100
525,Sao Mateus do Sul,BR,1565234591,55.81,-25.87,-50.38,97,1.34,0
526,Makakilo City,US,1565234591,81.84,21.35,-158.09,74,10.29,90
527,Lompoc,US,1565234591,59.2,34.64,-120.46,87,9.17,90
528,Verkhnevilyuysk,RU,1565234592,73.56,63.45,120.31,41,4.76,89
529,Rosetown,CA,1565234592,59.14,51.55,-107.99,69,4,0
530,Ahome,MX,1565234592,86.94,25.92,-109.18,58,10.29,40
531,Barroquinha,BR,1565234593,73.13,-3.02,-41.13,80,4.27,58
532,Angicos,BR,1565234560,72.15,-5.67,-36.6,76,6.87,0
533,Cockburn Town,TC,1565234593,83.06,21.46,-71.14,83,18.1,100
534,Bandar-e Lengeh,IR,1565234593,91.4,26.56,54.88,84,7.29,40
535,Campos Belos,BR,1565234594,65.08,-13.04,-46.77,33,6.58,0
536,Terrace,CA,1565234594,75.87,54.52,-128.61,39,21.92,20
537,Evensk,RU,1565234594,62.04,61.92,159.24,56,8.86,100
538,Itaituba,BR,1565234595,73.86,-4.26,-55.99,61,1.68,0
539,Klaksvik,FO,1565234595,48.2,62.23,-6.59,76,10.29,100
540,Yeppoon,AU,1565234595,82.4,-23.13,150.74,37,10.29,40
541,College,US,1565234463,62.8,64.86,-147.8,72,8.05,90
542,Finnsnes,NO,1565234596,44.8,69.23,17.98,93,14.99,51
543,Kindu,CD,1565234596,70.17,-2.95,25.92,85,2.64,99
544,Chegdomyn,RU,1565234596,80.22,51.13,133.04,38,3.38,16
545,Ulagan,RU,1565234597,66.43,50.63,87.96,46,1.74,0
546,Lac du Bonnet,CA,1565234597,62.01,50.25,-96.06,61,11.59,78
547,Iralaya,HN,1565234597,76.89,15,-83.23,95,2.68,100
548,Langsa,ID,1565234598,81.01,4.47,97.97,66,3.18,89
549,Nioki,CD,1565234598,75.75,-2.72,17.69,76,3.29,85
550,Liuhe,CN,1565234598,70.26,42.28,125.73,90,2.19,100
551,Champerico,MX,1565234598,80.6,16.38,-93.6,74,5.82,40
552,Isangel,VU,1565234599,80.6,-19.55,169.27,69,9.17,75
553,Kitgum,UG,1565234599,64.38,3.3,32.88,96,3.96,15
554,Khilok,RU,1565234599,54.42,51.36,110.46,96,1.81,99
555,Sao Gabriel da Cachoeira,BR,1565234600,72.96,-0.13,-67.09,94,2.26,85
556,Troitsko-Pechorsk,RU,1565234600,50.25,62.71,56.19,97,9.64,100
557,Marawi,PH,1565234600,89.01,8,124.29,52,11.01,98
558,Vandra,IT,1565234600,71.76,41.66,14.19,94,2.24,0
559,Goya,AR,1565234601,66.57,-29.14,-59.27,77,8.55,100
560,Mwene-Ditu,CD,1565234601,69.89,-7.01,23.45,50,3.04,0
561,Mattawa,CA,1565234601,66.76,46.32,-78.7,68,13.87,20
562,Nisporeni,MD,1565234602,68.83,47.07,28.18,68,8.05,57
563,Saint-Leu,RE,1565234602,61.81,-21.15,55.28,52,6.93,0
564,Haileybury,CA,1565234602,68,47.44,-79.64,60,3.36,75
565,Fort Myers Beach,US,1565234517,78.15,26.45,-81.95,88,3.36,1
566,Sachin,FR,1565234603,57.34,50.49,2.38,93,8.05,70
567,Cayenne,GF,1565234603,77,4.94,-52.33,94,3.6,0
568,Ketchikan,US,1565234604,60.13,55.34,-131.65,82,14.99,1
569,Gradistea,RO,1565234604,66.34,44.23,27.22,58,5.82,0
570,Tshane,BW,1565234604,47.31,-24.02,21.87,20,7.58,0
571,Barra do Garcas,BR,1565234604,67.56,-15.89,-52.26,48,2.08,0
572,Sao Filipe,CV,1565234532,73.83,14.9,-24.5,82,13.18,8
573,Kyabe,TD,1565234605,71.09,9.45,18.94,95,3.98,100
574,Moissala,TD,1565234605,69.96,8.34,17.77,98,3.94,100
575,Kochevo,BG,1565234606,60.8,42.1,24.92,82,3.36,0
576,Nouakchott,MR,1565234606,73.4,18.08,-15.98,88,8.05,0
577,Chornukhy,UA,1565234606,63.73,50.27,32.94,79,8.72,98
578,Mantes-la-Ville,FR,1565234606,58.17,48.97,1.71,93,1.12,0
579,Besancon,FR,1565234607,57,47.25,6.02,100,1.12,98
580,Peleduy,RU,1565234607,81.75,59.63,112.75,25,5.77,0
581,Shakawe,BW,1565234608,61.46,-18.36,21.84,41,2.46,0
582,Bubaque,GW,1565234608,78.02,11.28,-15.83,79,9.08,87
583,Witbank,ZA,1565234591,52.43,-25.87,29.23,56,2.75,0
584,Saravan,AM,1565234608,65.44,39.72,45.65,42,11.41,20
585,Benjamin Constant,BR,1565234609,77,-4.38,-70.03,94,2.24,0
586,Montepuez,MZ,1565234609,59.99,-13.13,39,97,1.88,34
587,Bom Jesus,BR,1565234609,62.7,-9.08,-44.36,76,2.04,0
588,Korablino,RU,1565234609,59.7,53.92,40.02,84,6.58,100
589,Roseburg,US,1565234610,64.29,43.22,-123.34,68,6.93,90
590,Sept-Iles,CA,1565234362,60.93,50.2,-66.38,87,5.82,75
591,Weligama,LK,1565234358,83.06,5.97,80.42,81,20.31,100
592,Rapid Valley,US,1565234611,70.23,44.06,-103.15,83,6.93,40
593,Carahue,CL,1565234611,39.2,-38.71,-73.16,93,3.36,0
